symbol,tv_ticker,sector,industry,description,grade,pass_tf,on_list,w1_score,d1_score,score,price,note
CACC,NASDAQ:CACC,Finance,Finance/Rental/Leasing,Credit Acceptance Corporation,A+,W1+D1,True,3,3,6,577.53,W1 3/3：MA轉上；量價配合 | D1 3/3：MA轉上；量價配合
IMVT,NASDAQ:IMVT,Health technology,Biotechnology,"Immunovant, Inc.",A+,W1+D1,True,3,3,6,38.1,W1 3/3：MA轉上；量價配合 | D1 3/3：MA轉上；量價配合
LTH,NYSE:LTH,Consumer services,Other consumer services,"Life Time Group Holdings, Inc.",A+,W1+D1,True,3,3,6,37.33,W1 3/3：MA轉上；量價配合 | D1 3/3：MA轉上；量價配合
NUVL,NASDAQ:NUVL,Health technology,Pharmaceuticals: major,"Nuvalent, Inc.",A+,W1+D1,True,3,3,6,123.42,W1 3/3：MA轉上；量價配合 | D1 3/3：MA轉上；量價配合
AAL,NASDAQ:AAL,Transportation,Airlines,"American Airlines Group, Inc.",A,D1,True,2,3,5,16.08,W1 2/3：量價配合 | D1 3/3：MA轉上；量價配合
AAON,NASDAQ:AAON,Producer manufacturing,Industrial machinery,"AAON, Inc.",A,W1,True,3,2,5,136.16,W1 3/3：MA轉上；量價配合 | D1 2/3：量價配合
ACMR,NASDAQ:ACMR,Producer manufacturing,Industrial machinery,"ACM Research, Inc.",A,W1,True,3,2,5,103.17,W1 3/3：MA轉上；量價配合 | D1 2/3：量價配合
APH,NYSE:APH,Electronic technology,Electronic components,Amphenol Corporation,A,W1,True,3,2,5,165.96,W1 3/3：MA轉上；量價配合 | D1 2/3：量價配合
AS,NYSE:AS,Consumer durables,Recreational products,"Amer Sports, Inc.",A,D1,True,2,3,5,36.11,W1 2/3：量價配合 | D1 3/3：MA轉上；量價配合
CARR,NYSE:CARR,Producer manufacturing,Industrial machinery,Carrier Global Corporation,A,W1,True,3,2,5,71.85,W1 3/3：MA轉上；量價配合 | D1 2/3：量價配合
COLD,NYSE:COLD,Finance,Real estate investment trusts,"Americold Realty Trust, Inc.",A,W1,True,3,2,5,13.97,W1 3/3：MA轉上；量價配合 | D1 2/3：量價配合
CRBG,NYSE:CRBG,Finance,Life/Health insurance,Corebridge Financial Inc.,A,D1,True,2,3,5,29.09,W1 2/3：量價配合 | D1 3/3：MA轉上；量價配合
DAL,NYSE:DAL,Transportation,Airlines,"Delta Air Lines, Inc.",A,W1,True,3,2,5,85.92,W1 3/3：MA轉上；量價配合 | D1 2/3：量價配合
F,NYSE:F,Consumer durables,Motor vehicles,Ford Motor Company,A,W1,True,3,2,5,14.11,W1 3/3：MA轉上；量價配合 | D1 2/3：量價配合
GGAL,NASDAQ:GGAL,Finance,Regional banks,Grupo Financiero Galicia S.A.,A,W1,True,3,2,5,53.33,W1 3/3：MA轉上；量價配合 | D1 2/3：量價配合
GGB,NYSE:GGB,Non-energy minerals,Steel,Gerdau S.A.,A,W1,True,3,2,5,4.25,W1 3/3：MA轉上；量價配合 | D1 2/3：量價配合
GTX,NASDAQ:GTX,Producer manufacturing,Auto parts: OEM,Garrett Motion Inc.,A,D1,True,2,3,5,34.49,W1 2/3：量價配合 | D1 3/3：MA轉上；量價配合
ILMN,NASDAQ:ILMN,Health technology,Medical specialties,"Illumina, Inc.",A,W1,True,3,2,5,161.38,W1 3/3：MA轉上；量價配合 | D1 2/3：量價配合
INOD,NASDAQ:INOD,Technology services,Data processing services,Innodata Inc.,A,W1,True,3,2,5,90.68,W1 3/3：MA轉上；量價配合 | D1 2/3：量價配合
INTC,NASDAQ:INTC,Electronic technology,Semiconductors,Intel Corporation,A,D1,True,2,3,5,140.94,W1 2/3：量價配合 | D1 3/3：MA轉上；量價配合
IREN,NASDAQ:IREN,Technology services,Data processing services,IREN Limited,A,W1,True,3,2,5,56.87,W1 3/3：MA轉上；量價配合 | D1 2/3：量價配合
JBLU,NASDAQ:JBLU,Transportation,Airlines,JetBlue Airways Corporation,A,D1,True,2,3,5,5.49,W1 2/3：量價配合 | D1 3/3：MA轉上；量價配合
M,NYSE:M,Retail trade,Department stores,Macy's Inc,A,W1,True,3,2,5,24.66,W1 3/3：MA轉上；量價配合 | D1 2/3：量價配合
MAS,NYSE:MAS,Producer manufacturing,Building products,Masco Corporation,A,W1,True,3,2,5,73.58,W1 3/3：MA轉上；量價配合 | D1 2/3：量價配合
MIDD,NASDAQ:MIDD,Producer manufacturing,Industrial machinery,The Middleby Corporation,A,W1,True,3,2,5,166.65,W1 3/3：MA轉上；量價配合 | D1 2/3：量價配合
MT,NYSE:MT,Non-energy minerals,Steel,Arcelor Mittal NY Registry Shares NEW,A,W1,True,3,2,5,63.75,W1 3/3：MA轉上；量價配合 | D1 2/3：量價配合
RDW,NYSE:RDW,Electronic technology,Aerospace & defense,Redwire Corporation,A,W1,True,3,2,5,13.02,W1 3/3：MA轉上；量價配合 | D1 2/3：量價配合
RVMD,NASDAQ:RVMD,Health technology,Pharmaceuticals: other,"Revolution Medicines, Inc.",A,D1,True,2,3,5,165.81,W1 2/3：量價配合 | D1 3/3：MA轉上；量價配合
TE,NYSE:TE,Producer manufacturing,Electrical products,T1 Energy Inc.,A,W1,True,3,2,5,10.4,W1 3/3：MA轉上；量價配合 | D1 2/3：量價配合
UAL,NASDAQ:UAL,Transportation,Airlines,"United Airlines Holdings, Inc.",A,W1,True,3,2,5,118.68,W1 3/3：MA轉上；量價配合 | D1 2/3：量價配合
USAR,NASDAQ:USAR,Producer manufacturing,Metal fabrication,"USA Rare Earth, Inc.",A,W1,True,3,2,5,24.12,W1 3/3：MA轉上；量價配合 | D1 2/3：量價配合
VCYT,NASDAQ:VCYT,Health technology,Medical specialties,"Veracyte, Inc.",A,W1,True,3,2,5,53.19,W1 3/3：MA轉上；量價配合 | D1 2/3：量價配合
VOYG,NYSE:VOYG,Technology services,Information technology services,"Voyager Technologies, Inc.",A,W1,True,3,2,5,34.57,W1 3/3：MA轉上；量價配合 | D1 2/3：量價配合
VSXY,NYSE:VSXY,Retail trade,Apparel/Footwear retail,Victorias Secret & Co.,A,W1,True,3,2,5,80.57,W1 3/3：MA轉上；量價配合 | D1 2/3：量價配合
YETI,NYSE:YETI,Producer manufacturing,Miscellaneous manufacturing,"YETI Holdings, Inc.",A,W1,True,3,2,5,47.94,W1 3/3：MA轉上；量價配合 | D1 2/3：量價配合
BEN,NYSE:BEN,Finance,Investment managers,"Franklin Resources, Inc.",A,W1,True,3,1,4,33.93,W1 3/3：MA轉上；量價配合 | D1 1/3：MA轉上
FAF,NYSE:FAF,Finance,Specialty insurance,First American Corporation (New),A,W1,True,3,1,4,68.28,W1 3/3：MA轉上；量價配合 | D1 1/3：MA轉上
FER,NASDAQ:FER,Industrial services,Engineering & construction,Ferrovial N.V.,A,W1,True,3,1,4,70.76,W1 3/3：MA轉上；量價配合 | D1 1/3：MA轉上
LIVN,NASDAQ:LIVN,Health technology,Medical specialties,LivaNova PLC,A,W1,True,3,1,4,78.71,W1 3/3：MA轉上；量價配合 | D1 1/3：MA轉上
MIRM,NASDAQ:MIRM,Health technology,Pharmaceuticals: major,"Mirum Pharmaceuticals, Inc.",A,D1,True,1,3,4,107.77,W1 1/3：MA轉上 | D1 3/3：MA轉上；量價配合
MUFG,NYSE:MUFG,Finance,Major banks,"Mitsubishi UFJ Financial Group, Inc.",A,W1,True,3,1,4,20.86,W1 3/3：MA轉上；量價配合 | D1 1/3：升量>跌量
SAN,NYSE:SAN,Finance,Major banks,"Banco Santander, S.A. Sponsored",A,W1,True,3,1,4,13.71,W1 3/3：MA轉上；量價配合 | D1 1/3：MA轉上
ABNB,NASDAQ:ABNB,Consumer services,Hotels/Resorts/Cruise lines,"Airbnb, Inc.",A,D1,True,0,3,3,139.19,W1 0/3：未達 | D1 3/3：MA轉上；量價配合
APLD,NASDAQ:APLD,Technology services,Data processing services,Applied Digital Corporation,A,W1,True,3,0,3,45.2,W1 3/3：MA轉上；量價配合 | D1 0/3：未達
ATRO,NASDAQ:ATRO,Electronic technology,Aerospace & defense,Astronics Corporation,A,W1,True,3,0,3,81.85,W1 3/3：MA轉上；量價配合 | D1 0/3：未達
CNTA,NASDAQ:CNTA,Health technology,Pharmaceuticals: major,Centessa Pharmaceuticals plc,A,D1,True,0,3,3,40.18,W1 0/3：未達 | D1 3/3：MA轉上；量價配合
EQH,NYSE:EQH,Finance,Life/Health insurance,"Equitable Holdings, Inc.",A,D1,True,0,3,3,44.98,W1 0/3：未達 | D1 3/3：MA轉上；量價配合
ESI,NYSE:ESI,Process industries,Chemicals: major diversified,Element Solutions Inc.,A,D1,True,0,3,3,49.09,W1 0/3：未達 | D1 3/3：MA轉上；量價配合
GH,NASDAQ:GH,Health technology,Medical specialties,"Guardant Health, Inc.",A,W1,True,3,0,3,128.83,W1 3/3：MA轉上；量價配合 | D1 0/3：未達
GS,NYSE:GS,Finance,Investment banks/Brokers,"Goldman Sachs Group, Inc. (The)",A,W1,True,3,0,3,1106.37,W1 3/3：MA轉上；量價配合 | D1 0/3：未達
ING,NYSE:ING,Finance,Major banks,"ING Group, N.V.",A,W1,True,3,0,3,32.2,W1 3/3：MA轉上；量價配合 | D1 0/3：未達
JHX,NYSE:JHX,Non-energy minerals,Construction materials,James Hardie Industries plc.,A,W1,True,3,0,3,24.51,W1 3/3：MA轉上；量價配合 | D1 0/3：未達
KEYS,NYSE:KEYS,Electronic technology,Electronic equipment/Instruments,Keysight Technologies Inc.,A,D1,True,0,3,3,373.34,W1 0/3：未達 | D1 3/3：MA轉上；量價配合
NOVT,NASDAQ:NOVT,Electronic technology,Electronic equipment/Instruments,Novanta Inc.,A,W1,True,3,0,3,155.66,W1 3/3：MA轉上；量價配合 | D1 0/3：未達
RAL,NYSE:RAL,Electronic technology,Electronic equipment/Instruments,Ralliant Corporation,A,W1,True,3,0,3,67.72,W1 3/3：MA轉上；量價配合 | D1 0/3：未達
RKLB,NASDAQ:RKLB,Electronic technology,Aerospace & defense,Rocket Lab Corporation,A,W1,True,3,0,3,100.29,W1 3/3：MA轉上；量價配合 | D1 0/3：未達
ROKU,NASDAQ:ROKU,Technology services,Packaged software,"Roku, Inc.",A,D1,True,0,3,3,135.2,W1 0/3：未達 | D1 3/3：MA轉上；量價配合
TSEM,NASDAQ:TSEM,Electronic technology,Semiconductors,Tower Semiconductor Ltd.,A,D1,True,0,3,3,316.85,W1 0/3：未達 | D1 3/3：MA轉上；量價配合
TXN,NASDAQ:TXN,Electronic technology,Semiconductors,Texas Instruments Incorporated,A,D1,True,0,3,3,332.28,W1 0/3：未達 | D1 3/3：MA轉上；量價配合
XMTR,NASDAQ:XMTR,Technology services,Information technology services,"Xometry, Inc.",A,W1,True,3,0,3,91.56,W1 3/3：MA轉上；量價配合 | D1 0/3：未達
ACLS,NASDAQ:ACLS,Producer manufacturing,Industrial machinery,"Axcelis Technologies, Inc.",B,,False,2,2,4,183.92,W1 2/3：量價配合 | D1 2/3：量價配合
AEHR,NASDAQ:AEHR,Electronic technology,Electronic production equipment,Aehr Test Systems,B,,False,2,2,4,113.33,W1 2/3：量價配合 | D1 2/3：量價配合
AFRM,NASDAQ:AFRM,Technology services,Packaged software,"Affirm Holdings, Inc.",B,,False,2,2,4,72.2,W1 2/3：量價配合 | D1 2/3：量價配合
ALGN,NASDAQ:ALGN,Health technology,Medical specialties,"Align Technology, Inc.",B,,False,2,2,4,173.76,W1 2/3：量價配合 | D1 2/3：量價配合
AMKR,NASDAQ:AMKR,Electronic technology,Semiconductors,"Amkor Technology, Inc.",B,,False,2,2,4,93.55,W1 2/3：量價配合 | D1 2/3：量價配合
AMPX,NYSE:AMPX,Producer manufacturing,Electrical products,"Amprius Technologies, Inc.",B,,False,2,2,4,15.65,W1 2/3：量價配合 | D1 2/3：量價配合
ASML,NASDAQ:ASML,Electronic technology,Semiconductors,ASML Holding N.V. - New York Registry Shares,B,,False,2,2,4,1929.25,W1 2/3：量價配合 | D1 2/3：量價配合
AUR,NASDAQ:AUR,Technology services,Packaged software,"Aurora Innovation, Inc.",B,,False,2,2,4,6.56,W1 2/3：量價配合 | D1 2/3：量價配合
AXTI,NASDAQ:AXTI,Electronic technology,Electronic production equipment,AXT Inc,B,,False,2,2,4,92.44,W1 2/3：量價配合 | D1 2/3：量價配合
BA,NYSE:BA,Electronic technology,Aerospace & defense,Boeing Company (The),B,,False,2,2,4,220.83,W1 2/3：量價配合 | D1 2/3：量價配合
BBY,NYSE:BBY,Retail trade,Electronics/Appliance stores,"Best Buy Co., Inc.",B,,False,2,2,4,76.01,W1 2/3：量價配合 | D1 2/3：量價配合
BTDR,NASDAQ:BTDR,Technology services,Data processing services,Bitdeer Technologies Group,B,,False,2,2,4,17.43,W1 2/3：量價配合 | D1 2/3：量價配合
CIFR,NASDAQ:CIFR,Technology services,Data processing services,Cipher Digital Inc.,B,,False,2,2,4,28.14,W1 2/3：量價配合 | D1 2/3：量價配合
CLF,NYSE:CLF,Non-energy minerals,Steel,Cleveland-Cliffs Inc.,B,,False,2,2,4,11.89,W1 2/3：量價配合 | D1 2/3：量價配合
CORZ,NASDAQ:CORZ,Technology services,Packaged software,"Core Scientific, Inc.",B,,False,2,2,4,29.08,W1 2/3：量價配合 | D1 2/3：量價配合
CROX,NASDAQ:CROX,Consumer non-durables,Apparel/Footwear,"Crocs, Inc.",B,,False,2,2,4,123.8,W1 2/3：量價配合 | D1 2/3：量價配合
CRUS,NASDAQ:CRUS,Electronic technology,Semiconductors,"Cirrus Logic, Inc.",B,,False,2,2,4,165.41,W1 2/3：量價配合 | D1 2/3：量價配合
CSTM,NYSE:CSTM,Non-energy minerals,Aluminum,Constellium SE,B,,False,2,2,4,34.6,W1 2/3：量價配合 | D1 2/3：量價配合
CVCO,NASDAQ:CVCO,Consumer durables,Homebuilding,"Cavco Industries, Inc.",B,,False,2,2,4,587.16,W1 2/3：量價配合 | D1 2/3：量價配合
CVLT,NASDAQ:CVLT,Technology services,Packaged software,"Commvault Systems, Inc.",B,,False,2,2,4,126.01,W1 2/3：量價配合 | D1 2/3：量價配合
DAVE,NASDAQ:DAVE,Finance,Major banks,Dave Inc.,B,,False,2,2,4,309.72,W1 2/3：量價配合 | D1 2/3：量價配合
DDOG,NASDAQ:DDOG,Technology services,Packaged software,"Datadog, Inc.",B,,False,2,2,4,221.37,W1 2/3：量價配合 | D1 2/3：量價配合
DECK,NYSE:DECK,Consumer non-durables,Apparel/Footwear,Deckers Outdoor Corporation,B,,False,2,2,4,105.57,W1 2/3：量價配合 | D1 2/3：量價配合
DIOD,NASDAQ:DIOD,Electronic technology,Semiconductors,Diodes Incorporated,B,,False,2,2,4,122.76,W1 2/3：量價配合 | D1 2/3：量價配合
ELAN,NYSE:ELAN,Health technology,Biotechnology,Elanco Animal Health Incorporated,B,,False,2,2,4,23.9,W1 2/3：量價配合 | D1 2/3：量價配合
ELVN,NASDAQ:ELVN,Health technology,Biotechnology,"Enliven Therapeutics, Inc.",B,,False,2,2,4,45.96,W1 2/3：量價配合 | D1 2/3：量價配合
ENVA,NYSE:ENVA,Finance,Finance/Rental/Leasing,"Enova International, Inc.",B,,False,2,2,4,204.74,W1 2/3：量價配合 | D1 2/3：量價配合
ETSY,NYSE:ETSY,Retail trade,Internet retail,"Etsy, Inc.",B,,False,2,2,4,72.54,W1 2/3：量價配合 | D1 2/3：量價配合
GLXY,NASDAQ:GLXY,Finance,Investment banks/Brokers,Galaxy Digital Inc.,B,,False,2,2,4,33.12,W1 2/3：量價配合 | D1 2/3：量價配合
HIMS,NYSE:HIMS,Health services,Medical/Nursing services,"Hims & Hers Health, Inc.",B,,False,2,2,4,33.54,W1 2/3：量價配合 | D1 2/3：量價配合
HNGE,NYSE:HNGE,Technology services,Packaged software,"Hinge Health, Inc.",B,,False,2,2,4,68.85,W1 2/3：量價配合 | D1 2/3：量價配合
HOOD,NASDAQ:HOOD,Finance,Investment banks/Brokers,"Robinhood Markets, Inc.",B,,False,2,2,4,105.71,W1 2/3：量價配合 | D1 2/3：量價配合
HSBC,NYSE:HSBC,Finance,Major banks,"HSBC Holdings, plc.",B,,False,2,2,4,96.51,W1 2/3：量價配合 | D1 2/3：量價配合
ICHR,NASDAQ:ICHR,Producer manufacturing,Industrial machinery,Ichor Holdings,B,,False,2,2,4,99.61,W1 2/3：量價配合 | D1 2/3：量價配合
ITT,NYSE:ITT,Producer manufacturing,Auto parts: OEM,ITT Inc.,B,,False,2,2,4,199.23,W1 2/3：量價配合 | D1 2/3：量價配合
KTB,NYSE:KTB,Consumer non-durables,Apparel/Footwear,"Kontoor Brands, Inc.",B,,False,2,2,4,76.14,W1 2/3：量價配合 | D1 2/3：量價配合
LUMN,NYSE:LUMN,Communications,Major telecommunications,"Lumen Technologies, Inc.",B,,False,2,2,4,8.09,W1 2/3：量價配合 | D1 2/3：量價配合
LUNR,NASDAQ:LUNR,Electronic technology,Aerospace & defense,"Intuitive Machines, Inc.",B,,False,2,2,4,21.99,W1 2/3：量價配合 | D1 2/3：量價配合
MKSI,NASDAQ:MKSI,Producer manufacturing,Industrial machinery,MKS Inc.,B,,False,2,2,4,420.56,W1 2/3：量價配合 | D1 2/3：量價配合
MRNA,NASDAQ:MRNA,Health technology,Biotechnology,"Moderna, Inc.",B,,False,2,2,4,59.35,W1 2/3：量價配合 | D1 2/3：量價配合
MRVL,NASDAQ:MRVL,Electronic technology,Semiconductors,"Marvell Technology, Inc.",B,,False,2,2,4,307.86,W1 2/3：量價配合 | D1 2/3：量價配合
MS,NYSE:MS,Finance,Investment managers,Morgan Stanley,B,,False,2,2,4,227.09,W1 2/3：量價配合 | D1 2/3：量價配合
MTSI,NASDAQ:MTSI,Electronic technology,Semiconductors,"MACOM Technology Solutions Holdings, Inc.",B,,False,2,2,4,396.26,W1 2/3：量價配合 | D1 2/3：量價配合
NPO,NYSE:NPO,Producer manufacturing,Industrial machinery,Enpro Inc.,B,,False,2,2,4,387.65,W1 2/3：量價配合 | D1 2/3：量價配合
NTAP,NASDAQ:NTAP,Electronic technology,Computer peripherals,"NetApp, Inc.",B,,False,2,2,4,158.31,W1 2/3：量價配合 | D1 2/3：量價配合
NTRA,NASDAQ:NTRA,Health technology,Biotechnology,"Natera, Inc.",B,,False,2,2,4,228.8,W1 2/3：量價配合 | D1 2/3：量價配合
NVTS,NASDAQ:NVTS,Electronic technology,Semiconductors,Navitas Semiconductor Corporation,B,,False,2,2,4,23.7,W1 2/3：量價配合 | D1 2/3：量價配合
NWL,NASDAQ:NWL,Producer manufacturing,Industrial machinery,Newell Brands Inc.,B,,False,2,2,4,5.03,W1 2/3：量價配合 | D1 2/3：量價配合
OC,NYSE:OC,Process industries,Containers/Packaging,Owens Corning Inc,B,,False,2,2,4,124.62,W1 2/3：量價配合 | D1 2/3：量價配合
OSCR,NYSE:OSCR,Health services,Managed health care,"Oscar Health, Inc.",B,,False,2,2,4,28.54,W1 2/3：量價配合 | D1 2/3：量價配合
PENG,NASDAQ:PENG,Electronic technology,Semiconductors,"Penguin Solutions, Inc.",B,,False,2,2,4,67.94,W1 2/3：量價配合 | D1 2/3：量價配合
PENN,NASDAQ:PENN,Consumer services,Casinos/Gaming,"PENN Entertainment, Inc.",B,,False,2,2,4,20.83,W1 2/3：量價配合 | D1 2/3：量價配合
PHM,NYSE:PHM,Consumer durables,Homebuilding,"PulteGroup, Inc.",B,,False,2,2,4,125.62,W1 2/3：量價配合 | D1 2/3：量價配合
PLUG,NASDAQ:PLUG,Electronic technology,Electronic production equipment,"Plug Power, Inc.",B,,False,2,2,4,2.79,W1 2/3：量價配合 | D1 2/3：量價配合
POET,NASDAQ:POET,Producer manufacturing,Electrical products,POET Technologies Inc.,B,,False,2,2,4,12.09,W1 2/3：量價配合 | D1 2/3：量價配合
PRMB,NYSE:PRMB,Consumer non-durables,Beverages: non-alcoholic,Primo Brands Corporation,B,,False,2,2,4,23.53,W1 2/3：量價配合 | D1 2/3：量價配合
QCOM,NASDAQ:QCOM,Electronic technology,Semiconductors,QUALCOMM Incorporated,B,,False,2,2,4,221.9,W1 2/3：量價配合 | D1 2/3：量價配合
QURE,NASDAQ:QURE,Health technology,Biotechnology,uniQure N.V.,B,,False,2,2,4,44.39,W1 2/3：量價配合 | D1 2/3：量價配合
RCL,NYSE:RCL,Consumer services,Hotels/Resorts/Cruise lines,Royal Caribbean Cruises Ltd.,B,,False,2,2,4,309.36,W1 2/3：量價配合 | D1 2/3：量價配合
RVTY,NYSE:RVTY,Health technology,Medical specialties,"Revvity, Inc.",B,,False,2,2,4,99.04,W1 2/3：量價配合 | D1 2/3：量價配合
SBUX,NASDAQ:SBUX,Consumer services,Restaurants,Starbucks Corporation,B,,False,2,2,4,100.15,W1 2/3：量價配合 | D1 2/3：量價配合
SEZL,NASDAQ:SEZL,Technology services,Packaged software,Sezzle Inc.,B,,False,2,2,4,156.47,W1 2/3：量價配合 | D1 2/3：量價配合
SFTBY,SFTBY,Communications,Specialty telecommunications,Softbank Group Corp,B,,False,2,2,4,22.23,W1 2/3：量價配合 | D1 2/3：量價配合
SIRI,NASDAQ:SIRI,Consumer services,Broadcasting,SiriusXM Holdings Inc.,B,,False,2,2,4,27.94,W1 2/3：量價配合 | D1 2/3：量價配合
SLG,NYSE:SLG,Finance,Real estate investment trusts,SL Green Realty Corp,B,,False,2,2,4,49.57,W1 2/3：量價配合 | D1 2/3：量價配合
SNEX,NASDAQ:SNEX,Finance,Investment banks/Brokers,StoneX Group Inc.,B,,False,2,2,4,138.79,W1 2/3：量價配合 | D1 2/3：量價配合
SNOW,NYSE:SNOW,Technology services,Packaged software,Snowflake Inc.,B,,False,2,2,4,226.59,W1 2/3：量價配合 | D1 2/3：量價配合
SNX,NYSE:SNX,Distribution services,Electronics distributors,TD SYNNEX Corporation,B,,False,2,2,4,283.26,W1 2/3：量價配合 | D1 2/3：量價配合
SYNA,NASDAQ:SYNA,Electronic technology,Semiconductors,Synaptics Incorporated,B,,False,2,2,4,143.79,W1 2/3：量價配合 | D1 2/3：量價配合
SYRE,NASDAQ:SYRE,Health technology,Pharmaceuticals: major,"Spyre Therapeutics, Inc.",B,,False,2,2,4,100.32,W1 2/3：量價配合 | D1 2/3：量價配合
TEVA,NYSE:TEVA,Health technology,Pharmaceuticals: generic,Teva Pharmaceutical Industries Limited,B,,False,2,2,4,32.2,W1 2/3：量價配合 | D1 2/3：量價配合
TKR,NYSE:TKR,Producer manufacturing,Industrial machinery,Timken Company (The),B,,False,2,2,4,141.97,W1 2/3：量價配合 | D1 2/3：量價配合
TOL,NYSE:TOL,Consumer durables,Homebuilding,"Toll Brothers, Inc.",B,,False,2,2,4,151.92,W1 2/3：量價配合 | D1 2/3：量價配合
TREX,NYSE:TREX,Non-energy minerals,Forest products,"Trex Company, Inc.",B,,False,2,2,4,46.4,W1 2/3：量價配合 | D1 2/3：量價配合
TVTX,NASDAQ:TVTX,Health technology,Pharmaceuticals: major,"Travere Therapeutics, Inc.",B,,False,2,2,4,55.11,W1 2/3：量價配合 | D1 2/3：量價配合
TWST,NASDAQ:TWST,Health technology,Biotechnology,Twist Bioscience Corporation,B,,False,2,2,4,85.17,W1 2/3：量價配合 | D1 2/3：量價配合
TXG,NASDAQ:TXG,Health technology,Biotechnology,"10x Genomics, Inc.",B,,False,2,2,4,32.94,W1 2/3：量價配合 | D1 2/3：量價配合
URBN,NASDAQ:URBN,Retail trade,Apparel/Footwear retail,"Urban Outfitters, Inc.",B,,False,2,2,4,72.75,W1 2/3：量價配合 | D1 2/3：量價配合
VECO,NASDAQ:VECO,Electronic technology,Electronic production equipment,Veeco Instruments Inc.,B,,False,2,2,4,77.46,W1 2/3：量價配合 | D1 2/3：量價配合
VSEC,NASDAQ:VSEC,Industrial services,Engineering & construction,VSE Corporation,B,,False,2,2,4,215.55,W1 2/3：量價配合 | D1 2/3：量價配合
XPO,NYSE:XPO,Transportation,Trucking,"XPO, Inc.",B,,False,2,2,4,201.19,W1 2/3：量價配合 | D1 2/3：量價配合
XYZ,NYSE:XYZ,Commercial services,Miscellaneous commercial services,"Block, Inc.",B,,False,2,2,4,73.07,W1 2/3：量價配合 | D1 2/3：量價配合
APO,NYSE:APO,Finance,Investment managers,"Apollo Global Management, Inc. (New)",B,,False,2,1,3,135.21,W1 2/3：量價配合 | D1 1/3：MA轉上
ARWR,NASDAQ:ARWR,Health technology,Biotechnology,"Arrowhead Pharmaceuticals, Inc.",B,,False,2,1,3,82.0,W1 2/3：量價配合 | D1 1/3：MA轉上
ASH,NYSE:ASH,Consumer non-durables,Food: specialty/candy,Ashland Inc.,B,,False,1,2,3,67.69,W1 1/3：MA轉上 | D1 2/3：量價配合
BEAM,NASDAQ:BEAM,Health technology,Biotechnology,Beam Therapeutics Inc.,B,,False,1,2,3,35.53,W1 1/3：MA轉上 | D1 2/3：量價配合
BRKR,NASDAQ:BRKR,Health technology,Medical specialties,Bruker Corporation,B,,False,1,2,3,56.53,W1 1/3：MA轉上 | D1 2/3：量價配合
CAKE,NASDAQ:CAKE,Consumer services,Restaurants,The Cheesecake Factory Incorporated,B,,False,1,2,3,76.91,W1 1/3：MA轉上 | D1 2/3：量價配合
CHRW,NASDAQ:CHRW,Transportation,Air freight/Couriers,"C.H. Robinson Worldwide, Inc.",B,,False,1,2,3,187.07,W1 1/3：MA轉上 | D1 2/3：量價配合
COMP,NYSE:COMP,Finance,Real estate development,"Compass, Inc.",B,,False,2,1,3,9.78,W1 2/3：量價配合 | D1 1/3：MA轉上
DB,NYSE:DB,Finance,Investment banks/Brokers,Deutsche Bank AG,B,,False,2,1,3,36.09,W1 2/3：量價配合 | D1 1/3：MA轉上
DY,NYSE:DY,Industrial services,Engineering & construction,"Dycom Industries, Inc.",B,,False,1,2,3,468.01,W1 1/3：MA轉上 | D1 2/3：量價配合
ENPH,NASDAQ:ENPH,Producer manufacturing,Electrical products,"Enphase Energy, Inc.",B,,False,1,2,3,52.41,W1 1/3：MA轉上 | D1 2/3：量價配合
FLR,NYSE:FLR,Industrial services,Engineering & construction,Fluor Corporation,B,,False,1,2,3,54.42,W1 1/3：MA轉上 | D1 2/3：量價配合
FSLR,NASDAQ:FSLR,Electronic technology,Semiconductors,"First Solar, Inc.",B,,False,1,2,3,263.11,W1 1/3：MA轉上 | D1 2/3：量價配合
LYG,NYSE:LYG,Finance,Major banks,Lloyds Banking Group Plc,B,,False,2,1,3,5.74,W1 2/3：量價配合 | D1 1/3：MA轉上
MC,NYSE:MC,Finance,Investment banks/Brokers,Moelis & Company,B,,False,1,2,3,66.94,W1 1/3：跌K量低 | D1 2/3：量價配合
OKTA,NASDAQ:OKTA,Technology services,Packaged software,"Okta, Inc.",B,,False,1,2,3,115.94,W1 1/3：MA轉上 | D1 2/3：量價配合
PVH,NYSE:PVH,Consumer non-durables,Apparel/Footwear,PVH Corp.,B,,False,1,2,3,77.97,W1 1/3：跌K量低 | D1 2/3：量價配合
ROAD,NASDAQ:ROAD,Industrial services,Engineering & construction,"Construction Partners, Inc.",B,,False,1,2,3,127.05,W1 1/3：MA轉上 | D1 2/3：量價配合
RYTM,NASDAQ:RYTM,Health technology,Pharmaceuticals: major,"Rhythm Pharmaceuticals, Inc.",B,,False,2,1,3,101.39,W1 2/3：量價配合 | D1 1/3：MA轉上
SN,NYSE:SN,Consumer durables,Electronics/Appliances,"SharkNinja, Inc.",B,,False,1,2,3,138.56,W1 1/3：MA轉上 | D1 2/3：量價配合
WT,NYSE:WT,Miscellaneous,Investment trusts,"WisdomTree, Inc.",B,,False,1,2,3,18.66,W1 1/3：MA轉上 | D1 2/3：量價配合
AAP,NYSE:AAP,Retail trade,Specialty stores,Advance Auto Parts Inc.,B,,False,2,0,2,55.42,W1 2/3：量價配合 | D1 0/3：未達
AAPL,NASDAQ:AAPL,Electronic technology,Telecommunications equipment,Apple Inc.,B,,False,2,0,2,297.01,W1 2/3：量價配合 | D1 0/3：未達
ADEA,NASDAQ:ADEA,Technology services,Packaged software,Adeia Inc.,B,,False,0,2,2,31.81,W1 0/3：未達 | D1 2/3：量價配合
ADI,NASDAQ:ADI,Electronic technology,Semiconductors,"Analog Devices, Inc.",B,,False,0,2,2,445.48,W1 0/3：未達 | D1 2/3：量價配合
ALAB,NASDAQ:ALAB,Electronic technology,Semiconductors,"Astera Labs, Inc.",B,,False,0,2,2,439.66,W1 0/3：未達 | D1 2/3：量價配合
ALB,NYSE:ALB,Process industries,Chemicals: specialty,Albemarle Corporation,B,,False,2,0,2,156.69,W1 2/3：量價配合 | D1 0/3：未達
ALK,NYSE:ALK,Transportation,Airlines,"Alaska Air Group, Inc.",B,,False,0,2,2,48.8,W1 0/3：未達 | D1 2/3：量價配合
ALM,NASDAQ:ALM,Non-energy minerals,Other metals/Minerals,Almonty Industries Inc.,B,,False,2,0,2,18.66,W1 2/3：量價配合 | D1 0/3：未達
ANET,NYSE:ANET,Electronic technology,Computer peripherals,"Arista Networks, Inc.",B,,False,0,2,2,174.56,W1 0/3：未達 | D1 2/3：量價配合
ARM,NASDAQ:ARM,Electronic technology,Semiconductors,Arm Holdings plc,B,,False,2,0,2,407.72,W1 2/3：量價配合 | D1 0/3：未達
ARW,NYSE:ARW,Distribution services,Electronics distributors,"Arrow Electronics, Inc.",B,,False,2,0,2,234.83,W1 2/3：量價配合 | D1 0/3：未達
AUGO,NASDAQ:AUGO,Non-energy minerals,Other metals/Minerals,Aura Minerals Inc.,B,,False,0,2,2,65.26,W1 0/3：未達 | D1 2/3：量價配合
AVGO,NASDAQ:AVGO,Electronic technology,Semiconductors,Broadcom Inc.,B,,False,0,2,2,392.13,W1 0/3：未達 | D1 2/3：量價配合
BB,NYSE:BB,Technology services,Packaged software,BlackBerry Limited,B,,False,2,0,2,8.79,W1 2/3：量價配合 | D1 0/3：未達
BDC,NYSE:BDC,Producer manufacturing,Electrical products,Belden Inc,B,,False,0,2,2,121.65,W1 0/3：未達 | D1 2/3：量價配合
BE,NYSE:BE,Electronic technology,Electronic production equipment,Bloom Energy Corporation,B,,False,0,2,2,345.85,W1 0/3：未達 | D1 2/3：量價配合
BIRK,NYSE:BIRK,Consumer non-durables,Apparel/Footwear,Birkenstock Holding plc,B,,False,2,0,2,43.3,W1 2/3：量價配合 | D1 0/3：未達
BOOT,NYSE:BOOT,Retail trade,Apparel/Footwear retail,"Boot Barn Holdings, Inc.",B,,False,0,2,2,178.46,W1 0/3：未達 | D1 2/3：量價配合
BROS,NYSE:BROS,Consumer services,Restaurants,Dutch Bros Inc.,B,,False,0,2,2,67.03,W1 0/3：未達 | D1 2/3：量價配合
BTSG,NASDAQ:BTSG,Health services,Medical/Nursing services,"BrightSpring Health Services, Inc.",B,,False,2,0,2,67.2,W1 2/3：量價配合 | D1 0/3：未達
CAMT,NASDAQ:CAMT,Electronic technology,Electronic components,Camtek Ltd.,B,,False,0,2,2,195.72,W1 0/3：未達 | D1 2/3：量價配合
CAR,NASDAQ:CAR,Finance,Finance/Rental/Leasing,"Avis Budget Group, Inc.",B,,False,0,2,2,186.28,W1 0/3：未達 | D1 2/3：量價配合
CAVA,NYSE:CAVA,Consumer services,Restaurants,"CAVA Group, Inc.",B,,False,2,0,2,80.88,W1 2/3：量價配合 | D1 0/3：未達
CCL,NYSE:CCL,Consumer services,Hotels/Resorts/Cruise lines,Carnival Corporation Ltd.,B,,False,2,0,2,30.19,W1 2/3：量價配合 | D1 0/3：未達
CDNS,NASDAQ:CDNS,Technology services,Packaged software,"Cadence Design Systems, Inc.",B,,False,2,0,2,389.04,W1 2/3：量價配合 | D1 0/3：未達
CENX,NASDAQ:CENX,Non-energy minerals,Aluminum,Century Aluminum Company,B,,False,2,0,2,49.53,W1 2/3：量價配合 | D1 0/3：未達
CLS,NYSE:CLS,Electronic technology,Electronic components,"Celestica, Inc.",B,,False,0,2,2,376.84,W1 0/3：未達 | D1 2/3：量價配合
COHR,NYSE:COHR,Electronic technology,Semiconductors,Coherent Corp.,B,,False,0,2,2,425.48,W1 0/3：未達 | D1 2/3：量價配合
COHU,NASDAQ:COHU,Electronic technology,Semiconductors,"Cohu, Inc.",B,,False,0,2,2,70.07,W1 0/3：未達 | D1 2/3：量價配合
CORT,NASDAQ:CORT,Health technology,Pharmaceuticals: major,Corcept Therapeutics Incorporated,B,,False,2,0,2,79.71,W1 2/3：量價配合 | D1 0/3：未達
CRDO,NASDAQ:CRDO,Technology services,Information technology services,Credo Technology Group Holding Ltd,B,,False,0,2,2,302.52,W1 0/3：未達 | D1 2/3：量價配合
CRL,NYSE:CRL,Commercial services,Miscellaneous commercial services,"Charles River Laboratories International, Inc.",B,,False,2,0,2,181.56,W1 2/3：量價配合 | D1 0/3：未達
CRWV,NASDAQ:CRWV,Technology services,Packaged software,"CoreWeave, Inc.",B,,False,2,0,2,111.29,W1 2/3：量價配合 | D1 0/3：未達
CSL,NYSE:CSL,Producer manufacturing,Building products,Carlisle Companies Incorporated,B,,False,0,2,2,360.96,W1 0/3：未達 | D1 2/3：量價配合
DELL,NYSE:DELL,Electronic technology,Computer processing hardware,Dell Technologies Inc.,B,,False,0,2,2,418.71,W1 0/3：未達 | D1 2/3：量價配合
DHI,NYSE:DHI,Consumer durables,Homebuilding,"D.R. Horton, Inc.",B,,False,2,0,2,155.94,W1 2/3：量價配合 | D1 0/3：未達
EMN,NYSE:EMN,Process industries,Chemicals: specialty,Eastman Chemical Company,B,,False,2,0,2,71.96,W1 2/3：量價配合 | D1 0/3：未達
EMR,NYSE:EMR,Electronic technology,Electronic equipment/Instruments,Emerson Electric Company,B,,False,2,0,2,150.21,W1 2/3：量價配合 | D1 0/3：未達
ENTG,NASDAQ:ENTG,Producer manufacturing,Industrial machinery,"Entegris, Inc.",B,,False,0,2,2,184.0,W1 0/3：未達 | D1 2/3：量價配合
ERAS,NASDAQ:ERAS,Health technology,Pharmaceuticals: major,"Erasca, Inc.",B,,False,0,2,2,15.08,W1 0/3：未達 | D1 2/3：量價配合
EVR,NYSE:EVR,Finance,Investment banks/Brokers,Evercore Inc.,B,,False,0,2,2,374.04,W1 0/3：未達 | D1 2/3：量價配合
EXEL,NASDAQ:EXEL,Health technology,Pharmaceuticals: major,"Exelixis, Inc.",B,,False,2,0,2,51.35,W1 2/3：量價配合 | D1 0/3：未達
EXTR,NASDAQ:EXTR,Electronic technology,Computer peripherals,"Extreme Networks, Inc.",B,,False,0,2,2,31.85,W1 0/3：未達 | D1 2/3：量價配合
FDX,NYSE:FDX,Transportation,Air freight/Couriers,FedEx Corporation,B,,False,0,2,2,328.78,W1 0/3：未達 | D1 2/3：量價配合
FLEX,NASDAQ:FLEX,Electronic technology,Electronic production equipment,Flex Ltd.,B,,False,0,2,2,155.81,W1 0/3：未達 | D1 2/3：量價配合
FLNC,NASDAQ:FLNC,Producer manufacturing,Electrical products,"Fluence Energy, Inc.",B,,False,0,2,2,25.19,W1 0/3：未達 | D1 2/3：量價配合
FLS,NYSE:FLS,Producer manufacturing,Industrial machinery,Flowserve Corporation,B,,False,0,2,2,81.58,W1 0/3：未達 | D1 2/3：量價配合
GE,NYSE:GE,Electronic technology,Aerospace & defense,GE Aerospace,C,,False,1,1,2,355.12,W1 1/3：MA轉上 | D1 1/3：跌K量低
GRMN,NYSE:GRMN,Electronic technology,Telecommunications equipment,Garmin Ltd.,B,,False,0,2,2,236.34,W1 0/3：未達 | D1 2/3：量價配合
GSAT,NASDAQ:GSAT,Communications,Wireless telecommunications,"Globalstar, Inc.",B,,False,2,0,2,79.81,W1 2/3：量價配合 | D1 0/3：未達
HBAN,NASDAQ:HBAN,Finance,Major banks,Huntington Bancshares Incorporated,B,,False,0,2,2,17.05,W1 0/3：未達 | D1 2/3：量價配合
HEI,NYSE:HEI,Electronic technology,Aerospace & defense,Heico Corporation,B,,False,2,0,2,331.15,W1 2/3：量價配合 | D1 0/3：未達
HOG,NYSE:HOG,Consumer durables,Motor vehicles,"Harley-Davidson, Inc.",B,,False,2,0,2,24.69,W1 2/3：量價配合 | D1 0/3：未達
HPQ,NYSE:HPQ,Technology services,Information technology services,HP Inc.,B,,False,0,2,2,23.54,W1 0/3：未達 | D1 2/3：量價配合
HRI,NYSE:HRI,Finance,Finance/Rental/Leasing,Herc Holdings Inc.,B,,False,2,0,2,153.43,W1 2/3：量價配合 | D1 0/3：未達
HUM,NYSE:HUM,Health services,Managed health care,Humana Inc.,B,,False,2,0,2,360.72,W1 2/3：量價配合 | D1 0/3：未達
HUT,NASDAQ:HUT,Miscellaneous,Miscellaneous,Hut 8 Corp.,B,,False,2,0,2,121.04,W1 2/3：量價配合 | D1 0/3：未達
HXL,NYSE:HXL,Electronic technology,Aerospace & defense,Hexcel Corporation,B,,False,2,0,2,99.16,W1 2/3：MA轉上；跌K量低 | D1 0/3：未達
IAG,NYSE:IAG,Non-energy minerals,Precious metals,Iamgold Corporation,B,,False,0,2,2,16.91,W1 0/3：未達 | D1 2/3：量價配合
IBRX,NASDAQ:IBRX,Health technology,Pharmaceuticals: major,"ImmunityBio, Inc.",B,,False,2,0,2,7.22,W1 2/3：量價配合 | D1 0/3：未達
IFNNY,IFNNY,Electronic technology,Semiconductors,Infineon Technologies AG,B,,False,2,0,2,99.13,W1 2/3：量價配合 | D1 0/3：未達
IONQ,NYSE:IONQ,Electronic technology,Computer processing hardware,"IonQ, Inc.",B,,False,2,0,2,58.32,W1 2/3：量價配合 | D1 0/3：未達
ITUB,NYSE:ITUB,Finance,Major banks,Itau Unibanco Banco Holding SA,B,,False,0,2,2,7.93,W1 0/3：未達 | D1 2/3：量價配合
JXN,NYSE:JXN,Finance,Life/Health insurance,Jackson Financial Inc.,B,,False,0,2,2,109.38,W1 0/3：未達 | D1 2/3：量價配合
KLIC,NASDAQ:KLIC,Producer manufacturing,Industrial machinery,"Kulicke and Soffa Industries, Inc.",B,,False,0,2,2,124.22,W1 0/3：未達 | D1 2/3：量價配合
LASR,NASDAQ:LASR,Electronic technology,Semiconductors,"nLIGHT, Inc.",B,,False,2,0,2,65.2,W1 2/3：量價配合 | D1 0/3：未達
LEGN,NASDAQ:LEGN,Health technology,Pharmaceuticals: major,Legend Biotech Corporation,B,,False,2,0,2,29.34,W1 2/3：量價配合 | D1 0/3：未達
LII,NYSE:LII,Producer manufacturing,Industrial machinery,"Lennox International, Inc.",B,,False,0,2,2,536.04,W1 0/3：未達 | D1 2/3：量價配合
LOGI,NASDAQ:LOGI,Electronic technology,Computer peripherals,Logitech International S.A. - Registered Shares,B,,False,0,2,2,106.83,W1 0/3：未達 | D1 2/3：量價配合
LSCC,NASDAQ:LSCC,Electronic technology,Semiconductors,Lattice Semiconductor Corporation,B,,False,2,0,2,155.27,W1 2/3：量價配合 | D1 0/3：未達
LUV,NYSE:LUV,Transportation,Airlines,Southwest Airlines Company,B,,False,0,2,2,48.57,W1 0/3：未達 | D1 2/3：量價配合
MARA,NASDAQ:MARA,Technology services,Data processing services,"MARA Holdings, Inc.",B,,False,0,2,2,14.85,W1 0/3：未達 | D1 2/3：量價配合
MDA,NYSE:MDA,Electronic technology,Electronic production equipment,MDA Space Ltd.,B,,False,0,2,2,39.39,D1 2/3：量價配合
MLI,NYSE:MLI,Producer manufacturing,Metal fabrication,"Mueller Industries, Inc.",C,,False,1,1,2,139.51,W1 1/3：MA轉上 | D1 1/3：MA轉上
MTH,NYSE:MTH,Finance,Real estate development,Meritage Homes Corporation,B,,False,2,0,2,75.08,W1 2/3：量價配合 | D1 0/3：未達
MXL,NASDAQ:MXL,Electronic technology,Semiconductors,"MaxLinear, Inc",B,,False,2,0,2,96.44,W1 2/3：量價配合 | D1 0/3：未達
MYRG,NASDAQ:MYRG,Industrial services,Engineering & construction,"MYR Group, Inc.",B,,False,0,2,2,483.08,W1 0/3：未達 | D1 2/3：量價配合
NBIS,NASDAQ:NBIS,Technology services,Packaged software,Nebius Group N.V.,B,,False,2,0,2,283.61,W1 2/3：量價配合 | D1 0/3：未達
NTLA,NASDAQ:NTLA,Health technology,Biotechnology,"Intellia Therapeutics, Inc.",B,,False,0,2,2,15.75,W1 0/3：未達 | D1 2/3：量價配合
NWG,NYSE:NWG,Finance,Major banks,NatWest Group plc,B,,False,2,0,2,17.51,W1 2/3：量價配合 | D1 0/3：未達
ONTO,NYSE:ONTO,Electronic technology,Electronic equipment/Instruments,Onto Innovation Inc.,B,,False,0,2,2,347.87,W1 0/3：未達 | D1 2/3：量價配合
OUST,NASDAQ:OUST,Electronic technology,Semiconductors,"Ouster, Inc.",B,,False,0,2,2,47.68,W1 0/3：未達 | D1 2/3：量價配合
PANW,NASDAQ:PANW,Technology services,Packaged software,"Palo Alto Networks, Inc.",B,,False,0,2,2,286.4,W1 0/3：未達 | D1 2/3：量價配合
PAYO,NASDAQ:PAYO,Commercial services,Miscellaneous commercial services,Payoneer Global Inc.,B,,False,0,2,2,7.02,W1 0/3：未達 | D1 2/3：量價配合
POWI,NASDAQ:POWI,Electronic technology,Semiconductors,"Power Integrations, Inc.",B,,False,2,0,2,87.35,W1 2/3：量價配合 | D1 0/3：未達
POWL,NASDAQ:POWL,Producer manufacturing,Electrical products,"Powell Industries, Inc.",B,,False,2,0,2,307.8,W1 2/3：量價配合 | D1 0/3：未達
QBTS,NYSE:QBTS,Electronic technology,Computer processing hardware,D-Wave Quantum Inc.,B,,False,0,2,2,24.47,W1 0/3：未達 | D1 2/3：量價配合
QRVO,NASDAQ:QRVO,Electronic technology,Semiconductors,"Qorvo, Inc.",B,,False,0,2,2,101.98,W1 0/3：未達 | D1 2/3：量價配合
RELY,NASDAQ:RELY,Commercial services,Miscellaneous commercial services,"Remitly Global, Inc.",B,,False,0,2,2,20.66,W1 0/3：未達 | D1 2/3：量價配合
RIOT,NASDAQ:RIOT,Technology services,Information technology services,"Riot Platforms, Inc.",B,,False,2,0,2,28.63,W1 2/3：量價配合 | D1 0/3：未達
ROK,NYSE:ROK,Producer manufacturing,Electrical products,"Rockwell Automation, Inc.",C,,False,1,1,2,478.08,W1 1/3：MA轉上 | D1 1/3：跌K量低
SKY,NYSE:SKY,Consumer durables,Homebuilding,"Champion Homes, Inc.",B,,False,2,0,2,81.95,W1 2/3：量價配合 | D1 0/3：未達
SMTC,NASDAQ:SMTC,Electronic technology,Semiconductors,Semtech Corporation,B,,False,0,2,2,174.73,W1 0/3：未達 | D1 2/3：量價配合
SNDK,NASDAQ:SNDK,Electronic technology,Computer peripherals,Sandisk Corporation,B,,False,2,0,2,2273.73,W1 2/3：量價配合 | D1 0/3：未達
SQM,NYSE:SQM,Process industries,Chemicals: specialty,Sociedad Quimica y Minera S.A.,B,,False,2,0,2,78.65,W1 2/3：量價配合 | D1 0/3：未達
ST,NYSE:ST,Electronic technology,Electronic equipment/Instruments,Sensata Technologies Holding plc,B,,False,0,2,2,51.7,W1 0/3：未達 | D1 2/3：量價配合
STM,NYSE:STM,Electronic technology,Semiconductors,STMicroelectronics N.V.,B,,False,2,0,2,79.91,W1 2/3：量價配合 | D1 0/3：未達
STRL,NASDAQ:STRL,Industrial services,Engineering & construction,"Sterling Infrastructure, Inc.",B,,False,0,2,2,932.75,W1 0/3：未達 | D1 2/3：量價配合
STX,NASDAQ:STX,Electronic technology,Computer peripherals,Seagate Technology Holdings PLC,B,,False,2,0,2,1094.04,W1 2/3：量價配合 | D1 0/3：未達
SWK,NYSE:SWK,Consumer durables,Tools & hardware,"Stanley Black & Decker, Inc.",B,,False,2,0,2,86.31,W1 2/3：MA轉上；跌K量低 | D1 0/3：未達
TENB,NASDAQ:TENB,Technology services,Packaged software,"Tenable Holdings, Inc.",B,,False,2,0,2,26.34,W1 2/3：量價配合 | D1 0/3：未達
TER,NASDAQ:TER,Electronic technology,Electronic production equipment,"Teradyne, Inc.",B,,False,0,2,2,457.0,W1 0/3：未達 | D1 2/3：量價配合
TFX,NYSE:TFX,Health technology,Medical specialties,Teleflex Incorporated,B,,False,2,0,2,121.67,W1 2/3：量價配合 | D1 0/3：未達
TLN,NASDAQ:TLN,Utilities,Alternative power generation,Talen Energy Corporation,B,,False,0,2,2,438.12,W1 0/3：未達 | D1 2/3：量價配合
TNL,NYSE:TNL,Consumer services,Hotels/Resorts/Cruise lines,Travel Leisure Co.,B,,False,0,2,2,74.7,W1 0/3：未達 | D1 2/3：量價配合
TOELY,TOELY,Producer manufacturing,Industrial machinery,Tokyo Electron Ltd.,B,,False,2,0,2,246.91,W1 2/3：量價配合 | D1 0/3：未達
TSM,NYSE:TSM,Electronic technology,Semiconductors,Taiwan Semiconductor Manufacturing Company Ltd.,B,,False,2,0,2,467.67,W1 2/3：量價配合 | D1 0/3：未達
UBS,NYSE:UBS,Finance,Investment managers,UBS Group AG Registered,C,,False,1,1,2,51.14,W1 1/3：MA轉上 | D1 1/3：MA轉上
UCTT,NASDAQ:UCTT,Producer manufacturing,Industrial machinery,"Ultra Clean Holdings, Inc.",B,,False,2,0,2,123.14,W1 2/3：量價配合 | D1 0/3：未達
UNH,NYSE:UNH,Health services,Managed health care,UnitedHealth Group Incorporated,B,,False,2,0,2,406.68,W1 2/3：量價配合 | D1 0/3：未達
VICR,NASDAQ:VICR,Electronic technology,Electronic components,Vicor Corporation,B,,False,0,2,2,365.53,W1 0/3：未達 | D1 2/3：量價配合
VIK,NYSE:VIK,Consumer services,Hotels/Resorts/Cruise lines,Viking Holdings Ltd,B,,False,0,2,2,100.05,W1 0/3：未達 | D1 2/3：量價配合
VRT,NYSE:VRT,Electronic technology,Electronic production equipment,"Vertiv Holdings, LLC",B,,False,0,2,2,357.96,W1 0/3：未達 | D1 2/3：量價配合
VTRS,NASDAQ:VTRS,Health technology,Pharmaceuticals: major,Viatris Inc.,B,,False,2,0,2,15.38,W1 2/3：量價配合 | D1 0/3：未達
WAT,NYSE:WAT,Health technology,Medical specialties,Waters Corporation,B,,False,0,2,2,358.25,W1 0/3：未達 | D1 2/3：量價配合
WCC,NYSE:WCC,Distribution services,Wholesale distributors,"WESCO International, Inc.",B,,False,0,2,2,369.72,W1 0/3：未達 | D1 2/3：量價配合
WDC,NASDAQ:WDC,Electronic technology,Computer peripherals,Western Digital Corporation,B,,False,2,0,2,732.62,W1 2/3：量價配合 | D1 0/3：未達
WOLF,NYSE:WOLF,Electronic technology,Semiconductors,"Wolfspeed, Inc.",B,,False,2,0,2,52.97,W1 2/3：量價配合 | D1 0/3：未達
WRBY,NYSE:WRBY,Retail trade,Specialty stores,Warby Parker Inc.,B,,False,0,2,2,26.99,W1 0/3：未達 | D1 2/3：量價配合
WSO,NYSE:WSO,Producer manufacturing,Building products,"Watsco, Inc.",B,,False,0,2,2,397.16,W1 0/3：未達 | D1 2/3：量價配合
WST,NYSE:WST,Health technology,Medical specialties,"West Pharmaceutical Services, Inc.",B,,False,0,2,2,329.71,W1 0/3：未達 | D1 2/3：量價配合
WULF,NASDAQ:WULF,Technology services,Data processing services,TeraWulf Inc.,B,,False,2,0,2,28.31,W1 2/3：量價配合 | D1 0/3：未達
ACA,NYSE:ACA,Non-energy minerals,Construction materials,"Arcosa, Inc.",C,,False,1,0,1,144.9,W1 1/3：MA轉上 | D1 0/3：未達
ALLY,NYSE:ALLY,Finance,Finance/Rental/Leasing,Ally Financial Inc.,C,,False,0,1,1,45.57,W1 0/3：未達 | D1 1/3：MA轉上
AXP,NYSE:AXP,Finance,Finance/Rental/Leasing,American Express Company,C,,False,0,1,1,338.07,W1 0/3：未達 | D1 1/3：MA轉上
CLSK,NASDAQ:CLSK,Technology services,Data processing services,"CleanSpark, Inc.",C,,False,1,0,1,17.45,W1 1/3：升量>跌量 | D1 0/3：未達
CMI,NYSE:CMI,Producer manufacturing,Auto parts: OEM,Cummins Inc.,C,,False,0,1,1,724.93,W1 0/3：未達 | D1 1/3：MA轉上
CNC,NYSE:CNC,Health services,Managed health care,Centene Corporation,C,,False,1,0,1,63.68,W1 1/3：MA轉上 | D1 0/3：未達
COLB,NASDAQ:COLB,Finance,Regional banks,"Columbia Banking System, Inc.",C,,False,1,0,1,30.87,W1 1/3：MA轉上 | D1 0/3：未達
CPAY,NYSE:CPAY,Commercial services,Miscellaneous commercial services,"Corpay, Inc.",C,,False,1,0,1,347.17,W1 1/3：MA轉上 | D1 0/3：未達
CR,NYSE:CR,Electronic technology,Aerospace & defense,Crane Company,C,,False,1,0,1,215.13,W1 1/3：MA轉上 | D1 0/3：未達
DKS,NYSE:DKS,Retail trade,Specialty stores,Dick's Sporting Goods Inc,C,,False,0,1,1,238.57,W1 0/3：未達 | D1 1/3：MA轉上
EXP,NYSE:EXP,Non-energy minerals,Construction materials,Eagle Materials Inc,C,,False,1,0,1,223.5,W1 1/3：跌K量低 | D1 0/3：未達
FCX,NYSE:FCX,Non-energy minerals,Other metals/Minerals,"Freeport-McMoRan, Inc.",C,,False,1,0,1,69.21,W1 1/3：MA轉上 | D1 0/3：未達
FIX,NYSE:FIX,Industrial services,Engineering & construction,"Comfort Systems USA, Inc.",C,,False,0,1,1,2066.51,W1 0/3：未達 | D1 1/3：MA轉上
HBM,NYSE:HBM,Non-energy minerals,Other metals/Minerals,Hudbay Minerals Inc.,C,,False,1,0,1,27.91,W1 1/3：MA轉上 | D1 0/3：未達
HGV,NYSE:HGV,Finance,Real estate development,Hilton Grand Vacations Inc.,C,,False,1,0,1,52.08,W1 1/3：MA轉上 | D1 0/3：未達
HIMX,NASDAQ:HIMX,Electronic technology,Semiconductors,"Himax Technologies, Inc.",C,,False,1,0,1,18.54,W1 1/3：跌K量低 | D1 0/3：未達
IVZ,NYSE:IVZ,Finance,Investment managers,Invesco Ltd,C,,False,1,0,1,28.78,W1 1/3：MA轉上 | D1 0/3：未達
MCHP,NASDAQ:MCHP,Electronic technology,Semiconductors,Microchip Technology Incorporated,C,,False,0,1,1,102.71,W1 0/3：未達 | D1 1/3：MA轉上
MRCY,NASDAQ:MRCY,Electronic technology,Aerospace & defense,Mercury Systems Inc,C,,False,1,0,1,111.76,W1 1/3：MA轉上 | D1 0/3：未達
MTRN,NYSE:MTRN,Electronic technology,Electronic equipment/Instruments,Materion Corporation,C,,False,1,0,1,277.68,W1 1/3：跌K量低 | D1 0/3：未達
PPG,NYSE:PPG,Process industries,Industrial specialties,"PPG Industries, Inc.",C,,False,1,0,1,118.92,W1 1/3：MA轉上 | D1 0/3：未達
SCCO,NYSE:SCCO,Non-energy minerals,Other metals/Minerals,Southern Copper Corporation,C,,False,1,0,1,189.91,W1 1/3：MA轉上 | D1 0/3：未達
SEI,NYSE:SEI,Industrial services,Oilfield services/Equipment,"Solaris Energy Infrastructure, Inc.",C,,False,0,1,1,82.17,W1 0/3：未達 | D1 1/3：MA轉上
TTMI,NASDAQ:TTMI,Electronic technology,Electronic components,"TTM Technologies, Inc.",C,,False,0,1,1,221.47,W1 0/3：未達 | D1 1/3：MA轉上
UPS,NYSE:UPS,Transportation,Air freight/Couriers,"United Parcel Service, Inc.",C,,False,1,0,1,107.24,W1 1/3：MA轉上 | D1 0/3：未達
VSH,NYSE:VSH,Electronic technology,Electronic production equipment,"Vishay Intertechnology, Inc.",C,,False,0,1,1,64.27,W1 0/3：未達 | D1 1/3：跌K量低
WSM,NYSE:WSM,Retail trade,Specialty stores,"Williams-Sonoma, Inc.",C,,False,1,0,1,226.06,W1 1/3：MA轉上 | D1 0/3：未達
AA,NYSE:AA,Non-energy minerals,Aluminum,Alcoa Corporation,C,,False,0,0,0,58.35,W1 0/3：未達 | D1 0/3：未達
AAOI,NASDAQ:AAOI,Electronic technology,Semiconductors,"Applied Optoelectronics, Inc.",C,,False,0,0,0,171.23,W1 0/3：未達 | D1 0/3：未達
ADPT,NASDAQ:ADPT,Health technology,Biotechnology,Adaptive Biotechnologies Corporation,C,,False,0,0,0,17.37,W1 0/3：未達 | D1 0/3：未達
ALGM,NASDAQ:ALGM,Electronic technology,Semiconductors,"Allegro MicroSystems, Inc.",C,,False,0,0,0,61.58,W1 0/3：未達 | D1 0/3：未達
AMAT,NASDAQ:AMAT,Producer manufacturing,Industrial machinery,"Applied Materials, Inc.",C,,False,0,0,0,640.18,W1 0/3：未達 | D1 0/3：未達
AMD,NASDAQ:AMD,Electronic technology,Semiconductors,"Advanced Micro Devices, Inc.",C,,False,0,0,0,551.63,W1 0/3：未達 | D1 0/3：未達
AMSC,NASDAQ:AMSC,Producer manufacturing,Electrical products,American Superconductor Corporation,C,,False,0,0,0,45.33,W1 0/3：未達 | D1 0/3：未達
ARCB,NASDAQ:ARCB,Transportation,Trucking,ArcBest Corporation,C,,False,0,0,0,145.6,W1 0/3：未達 | D1 0/3：未達
ASX,NYSE:ASX,Electronic technology,Semiconductors,"ASE Technology Holding Co., Ltd.",C,,False,0,0,0,43.62,W1 0/3：未達 | D1 0/3：未達
ATI,NYSE:ATI,Non-energy minerals,Other metals/Minerals,ATI Inc.,C,,False,0,0,0,204.09,W1 0/3：未達 | D1 0/3：未達
AVT,NASDAQ:AVT,Distribution services,Electronics distributors,"Avnet, Inc.",C,,False,0,0,0,92.45,W1 0/3：未達 | D1 0/3：未達
BCS,NYSE:BCS,Finance,Investment banks/Brokers,Barclays PLC,C,,False,0,0,0,27.29,W1 0/3：未達 | D1 0/3：未達
BELFB,NASDAQ:BELFB,Electronic technology,Electronic components,Bel Fuse Inc.,C,,False,0,0,0,304.33,W1 0/3：未達 | D1 0/3：未達
BFH,NYSE:BFH,Finance,Finance/Rental/Leasing,"Bread Financial Holdings, Inc.",C,,False,0,0,0,103.68,W1 0/3：未達 | D1 0/3：未達
BHP,NYSE:BHP,Non-energy minerals,Steel,BHP Group Limited,C,,False,0,0,0,85.78,W1 0/3：未達 | D1 0/3：未達
BRUN,NASDAQ:BRUN,Technology services,Packaged software,Boost Run Inc.,C,,False,0,0,0,34.71,W1 0/3：未達 | D1 0/3：未達
BWXT,NYSE:BWXT,Electronic technology,Aerospace & defense,"BWX Technologies, Inc.",C,,False,0,0,0,210.0,W1 0/3：未達 | D1 0/3：未達
C,NYSE:C,Finance,Major banks,"Citigroup, Inc.",C,,False,0,0,0,145.67,W1 0/3：未達 | D1 0/3：未達
CCJ,NYSE:CCJ,Non-energy minerals,Other metals/Minerals,Cameco Corporation,C,,False,0,0,0,107.07,W1 0/3：未達 | D1 0/3：未達
CIEN,NYSE:CIEN,Electronic technology,Telecommunications equipment,Ciena Corporation,C,,False,0,0,0,460.33,W1 0/3：未達 | D1 0/3：未達
CMC,NYSE:CMC,Non-energy minerals,Steel,Commercial Metals Company,C,,False,0,0,0,73.29,W1 0/3：未達 | D1 0/3：未達
CRWD,NASDAQ:CRWD,Technology services,Packaged software,"CrowdStrike Holdings, Inc.",C,,False,0,0,0,675.44,W1 0/3：未達 | D1 0/3：未達
DFTX,NASDAQ:DFTX,Health technology,Pharmaceuticals: major,"Definium Therapeutics, Inc.",C,,False,0,0,0,36.67,W1 0/3：未達 | D1 0/3：未達
DNN,AMEX:DNN,Non-energy minerals,Other metals/Minerals,Denison Mines Corp,C,,False,0,0,0,3.27,W1 0/3：未達 | D1 0/3：未達
ENS,NYSE:ENS,Producer manufacturing,Electrical products,EnerSys,C,,False,0,0,0,232.94,W1 0/3：未達 | D1 0/3：未達
FIVE,NASDAQ:FIVE,Retail trade,Discount stores,"Five Below, Inc.",C,,False,0,0,0,193.45,W1 0/3：未達 | D1 0/3：未達
FN,NYSE:FN,Electronic technology,Semiconductors,Fabrinet,C,,False,0,0,0,617.09,W1 0/3：未達 | D1 0/3：未達
FORM,NASDAQ:FORM,Electronic technology,Semiconductors,"FormFactor, Inc.",C,,False,0,0,0,156.66,W1 0/3：未達 | D1 0/3：未達
GFS,NASDAQ:GFS,Electronic technology,Semiconductors,GlobalFoundries Inc.,C,,False,0,0,0,89.67,W1 0/3：未達 | D1 0/3：未達
GM,NYSE:GM,Consumer durables,Motor vehicles,General Motors Company,C,,False,0,0,0,80.43,W1 0/3：未達 | D1 0/3：未達
GOOG,NASDAQ:GOOG,Technology services,Internet software/Services,Alphabet Inc.,C,,False,0,0,0,348.78,W1 0/3：未達 | D1 0/3：未達
GOOGL,NASDAQ:GOOGL,Technology services,Internet software/Services,Alphabet Inc.,C,,False,0,0,0,349.68,W1 0/3：未達 | D1 0/3：未達
IBKR,NASDAQ:IBKR,Finance,Investment banks/Brokers,"Interactive Brokers Group, Inc.",C,,False,0,0,0,96.82,W1 0/3：未達 | D1 0/3：未達
IRDM,NASDAQ:IRDM,Communications,Specialty telecommunications,Iridium Communications Inc,C,,False,0,0,0,43.3,W1 0/3：未達 | D1 0/3：未達
JBHT,NASDAQ:JBHT,Transportation,Trucking,"J.B. Hunt Transport Services, Inc.",C,,False,0,0,0,273.48,W1 0/3：未達 | D1 0/3：未達
JBL,NYSE:JBL,Producer manufacturing,Industrial machinery,Jabil Inc.,C,,False,0,0,0,377.24,W1 0/3：未達 | D1 0/3：未達
JEF,NYSE:JEF,Finance,Investment banks/Brokers,Jefferies Financial Group Inc.,C,,False,0,0,0,62.81,W1 0/3：未達 | D1 0/3：未達
KEEL,NASDAQ:KEEL,Technology services,Data processing services,Keel Infrastructure Corp.,C,,False,0,0,0,6.66,W1 0/3：未達 | D1 0/3：未達
KLAC,NASDAQ:KLAC,Electronic technology,Semiconductors,KLA Corporation,C,,False,0,0,0,269.16,W1 0/3：未達 | D1 0/3：未達
KMX,NYSE:KMX,Retail trade,Specialty stores,CarMax Inc,C,,False,0,0,0,52.4,W1 0/3：未達 | D1 0/3：未達
LRCX,NASDAQ:LRCX,Producer manufacturing,Industrial machinery,Lam Research Corporation,C,,False,0,0,0,409.54,W1 0/3：未達 | D1 0/3：未達
MAC,NYSE:MAC,Finance,Real estate investment trusts,Macerich Company (The),C,,False,0,0,0,24.04,W1 0/3：未達 | D1 0/3：未達
MGNI,NASDAQ:MGNI,Technology services,Packaged software,"Magnite, Inc.",C,,False,0,0,0,17.45,W1 0/3：未達 | D1 0/3：未達
MMM,NYSE:MMM,Producer manufacturing,Industrial conglomerates,3M Company,C,,False,0,0,0,163.22,W1 0/3：未達 | D1 0/3：未達
MPWR,NASDAQ:MPWR,Electronic technology,Semiconductors,"Monolithic Power Systems, Inc.",C,,False,0,0,0,1537.88,W1 0/3：未達 | D1 0/3：未達
MTCH,NASDAQ:MTCH,Technology services,Internet software/Services,"Match Group, Inc.",C,,False,0,0,0,35.24,W1 0/3：未達 | D1 0/3：未達
MTZ,NYSE:MTZ,Industrial services,Engineering & construction,"MasTec, Inc.",C,,False,0,0,0,406.32,W1 0/3：未達 | D1 0/3：未達
MU,NASDAQ:MU,Electronic technology,Semiconductors,"Micron Technology, Inc.",C,,False,0,0,0,1211.38,W1 0/3：未達 | D1 0/3：未達
NKTR,NASDAQ:NKTR,Health technology,Pharmaceuticals: major,Nektar Therapeutics,C,,False,0,0,0,65.7,W1 0/3：未達 | D1 0/3：未達
NOK,NYSE:NOK,Electronic technology,Telecommunications equipment,Nokia Corporation Sponsored,C,,False,0,0,0,14.43,W1 0/3：未達 | D1 0/3：未達
NVDA,NASDAQ:NVDA,Electronic technology,Semiconductors,NVIDIA Corporation,C,,False,0,0,0,208.65,W1 0/3：未達 | D1 0/3：未達
NVMI,NASDAQ:NVMI,Electronic technology,Electronic equipment/Instruments,Nova Ltd.,C,,False,0,0,0,583.1,W1 0/3：未達 | D1 0/3：未達
NXPI,NASDAQ:NXPI,Electronic technology,Semiconductors,NXP Semiconductors N.V.,C,,False,0,0,0,323.24,W1 0/3：未達 | D1 0/3：未達
ON,NASDAQ:ON,Electronic technology,Semiconductors,ON Semiconductor Corporation,C,,False,0,0,0,131.55,W1 0/3：未達 | D1 0/3：未達
P,NYSE:P,Electronic technology,Computer peripherals,"Everpure, Inc.",C,,False,0,0,0,77.04,W1 0/3：未達 | D1 0/3：未達
PL,NYSE:PL,Technology services,Packaged software,Planet Labs PBC,C,,False,0,0,0,28.77,W1 0/3：未達 | D1 0/3：未達
PRAX,NASDAQ:PRAX,Health technology,Pharmaceuticals: major,"Praxis Precision Medicines, Inc.",C,,False,0,0,0,303.39,W1 0/3：未達 | D1 0/3：未達
RBRK,NYSE:RBRK,Technology services,Information technology services,"Rubrik, Inc.",C,,False,0,0,0,70.53,W1 0/3：未達 | D1 0/3：未達
RIO,NYSE:RIO,Non-energy minerals,Other metals/Minerals,Rio Tinto Plc,C,,False,0,0,0,99.36,W1 0/3：未達 | D1 0/3：未達
RLAY,NASDAQ:RLAY,Health technology,Biotechnology,"Relay Therapeutics, Inc.",C,,False,0,0,0,17.28,W1 0/3：未達 | D1 0/3：未達
RMBS,NASDAQ:RMBS,Electronic technology,Semiconductors,"Rambus, Inc.",C,,False,0,0,0,140.35,W1 0/3：未達 | D1 0/3：未達
RRX,NYSE:RRX,Producer manufacturing,Electrical products,Regal Rexnord Corporation,C,,False,0,0,0,231.28,W1 0/3：未達 | D1 0/3：未達
SAIA,NASDAQ:SAIA,Transportation,Trucking,"Saia, Inc.",C,,False,0,0,0,436.05,W1 0/3：未達 | D1 0/3：未達
SANM,NASDAQ:SANM,Electronic technology,Electronic production equipment,Sanmina Corporation,C,,False,0,0,0,253.45,W1 0/3：未達 | D1 0/3：未達
SIMO,NASDAQ:SIMO,Electronic technology,Semiconductors,Silicon Motion Technology Corporation,C,,False,0,0,0,336.9,W1 0/3：未達 | D1 0/3：未達
SITM,NASDAQ:SITM,Electronic technology,Semiconductors,SiTime Corporation,C,,False,0,0,0,753.12,W1 0/3：未達 | D1 0/3：未達
SNPS,NASDAQ:SNPS,Technology services,Packaged software,"Synopsys, Inc.",C,,False,0,0,0,464.58,W1 0/3：未達 | D1 0/3：未達
SON,NYSE:SON,Process industries,Containers/Packaging,Sonoco Products Company,C,,False,0,0,0,50.46,W1 0/3：未達 | D1 0/3：未達
SPHR,NYSE:SPHR,Consumer services,Media conglomerates,Sphere Entertainment Co.,C,,False,0,0,0,157.24,W1 0/3：未達 | D1 0/3：未達
SSRM,NASDAQ:SSRM,Non-energy minerals,Precious metals,SSR Mining Inc.,C,,False,0,0,0,30.72,W1 0/3：未達 | D1 0/3：未達
STLD,NASDAQ:STLD,Non-energy minerals,Steel,"Steel Dynamics, Inc.",C,,False,0,0,0,250.98,W1 0/3：未達 | D1 0/3：未達
STT,NYSE:STT,Finance,Finance/Rental/Leasing,State Street Corporation,C,,False,0,0,0,173.71,W1 0/3：未達 | D1 0/3：未達
SWKS,NASDAQ:SWKS,Electronic technology,Semiconductors,"Skyworks Solutions, Inc.",C,,False,0,0,0,76.18,W1 0/3：未達 | D1 0/3：未達
SYF,NYSE:SYF,Finance,Finance/Rental/Leasing,Synchrony Financial,C,,False,0,0,0,75.71,W1 0/3：未達 | D1 0/3：未達
TECK,NYSE:TECK,Non-energy minerals,Other metals/Minerals,Teck Resources Ltd,C,,False,0,0,0,63.54,W1 0/3：未達 | D1 0/3：未達
TFII,NYSE:TFII,Transportation,Trucking,TFI International Inc.,C,,False,0,0,0,146.85,W1 0/3：未達 | D1 0/3：未達
TTWO,NASDAQ:TTWO,Technology services,Packaged software,"Take-Two Interactive Software, Inc.",C,,False,0,0,0,239.57,W1 0/3：未達 | D1 0/3：未達
UMC,NYSE:UMC,Electronic technology,Semiconductors,United Microelectronics Corporation (NEW),C,,False,0,0,0,27.5,W1 0/3：未達 | D1 0/3：未達
VALE,NYSE:VALE,Non-energy minerals,Steel,VALE S.A.,C,,False,0,0,0,15.71,W1 0/3：未達 | D1 0/3：未達
VIAV,NASDAQ:VIAV,Technology services,Information technology services,Viavi Solutions Inc.,C,,False,0,0,0,52.94,W1 0/3：未達 | D1 0/3：未達
VNO,NYSE:VNO,Finance,Real estate investment trusts,Vornado Realty Trust,C,,False,0,0,0,37.58,W1 0/3：未達 | D1 0/3：未達
VSAT,NASDAQ:VSAT,Electronic technology,Telecommunications equipment,"ViaSat, Inc.",C,,False,0,0,0,64.23,W1 0/3：未達 | D1 0/3：未達
WBD,NASDAQ:WBD,Consumer services,Cable/Satellite TV,"Warner Bros. Discovery, Inc. - Series A",C,,False,0,0,0,26.95,W1 0/3：未達 | D1 0/3：未達
